"Id";"Designator";"Package";"Quantity";"Designation";"Supplier and ref";
1;"J1";"Pin_Header_Straight_2x20";1;"RPi_Header";;;
2;"J12";"grove_1x04";1;"Grove";;;
3;"J14";"Pin_Header_Straight_1x03";1;"Servo";;;
4;"J15";"mkds_1,5-2";1;"M1";;;
5;"J16";"mkds_1,5-2";1;"12V";;;
6;"J17";"mkds_1,5-2";1;"M2";;;
7;"U1";"DIP-16_W7.62mm_LongPads";1;"L293D";;;
8;"J2";"Makey_conn";1;"RX";;;
9;"J3";"Makey_conn";1;"TX";;;
10;"J4";"Makey_conn";1;"5V";;;
11;"J5";"Makey_conn";1;"GND";;;
12;"J6";"BBC_CONNECTOR";1;"5V";;;
13;"J7,J9";"BBC_CONNECTOR";2;"GND";;;
14;"J8";"BBC_CONNECTOR";1;"3V3";;;
15;"J10,J11,J18";"BBC_CONNECTOR";3;"IO";;;
16;"C1,C2";"C_0805_HandSoldering";2;"0.1uF";;;
17;"D1,D2,D3";"LED-5MM";3;"LED";;;
18;"F1,F2";"R_0805_HandSoldering";2;"Polyfuse";;;
19;"J19";"Pin_Header_Straight_1x04";1;"IO";;;
20;"Q1,Q2";"TO-92_Inline_Narrow_Oval";2;"2N7000";;;
21;"R1,R2,R3";"R_0805_HandSoldering";3;"330";;;
22;"R4,R5,R6,R7,R8";"R_0805_HandSoldering";5;"10K";;;
23;"SW1";"PCB_PUSH_edit";1;"SW_PUSH";;;
24;"U2,U3";"Pin_Header_Straight_1x03";2;"KY-033";;;
25;"U4";"SSOP-20_4.4x6.5mm_Pitch0.65mm";1;"TXB0108";;;
